DocID,Title,WikiID,U1 In,U1 Out,U2 In,U2 Out
1,Dennis Sullivan,7349608,,MIT;massachusetts institute of technology,,"B.A.;bachelor of arts
Ph.D.;philosophiae doctor
MIT;massachusetts institute of technology"
2,Cray MTA,25458359,,"CPU;central process unit
ALU;arithmetic logic unit
FORTRAN;formula translation
OS;operating system",,"ALU;arithmetic logic unit
T3E;toxicomanie europe echanges etudes
OS;operating system
FORTRAN;formula translation/translator (high-level programming language)
MTA;multi-threaded architecture
CPU;central processing unit"
3,Azubu,53159565,,"SKT;sk telecom
USD;united states dollar
CEO;chief executive officer
CJ;cheil jedang",,"CEO;chief executive officer
eSports;electronic sports
SKT;south korean telecom
T1;team one
USD;united states dollar"
4,Digital citizen,20726862,"MSD;marjory stoneman douglas
FTC;federal trade commission
IT;information technology","U.S;united states
eIDs;electronic identifications
ISP;internet service provider
B2C;business-to-consumer
ICT;information and communications technology
K-12;kindergarten to 12th grade
OECD;organisation for economic co-operation and development
NTIA;national telecommunications and information administration
B2B;business-to-business
ACT;american college testing","U.S.;united states
MSD;marjory stoneman douglas
FTC;federal trade commission
IT;information technology","ISP;internet service provider
B2C;business-to-consumer
ACT;american college testing
ICT;information and communications technology
TV;television
OECD;organisation for economic co-operation and development
NTIA;national telecommunications and information administration
B2B;business-to-business
K-12;k through twelve
eIDs;electronic identifications"
5,Get Online Week,28686799,,"MLA;museums, libraries and archives council
EE;everything everywhere
ICT;information and communications technology
UK;united kingdom
BBC;british broadcasting corporation
BT;british telecom",,"EE;everything everywhere
ICT;information and communications technology
UK;united kingdom
BBC;british broadcasting corporation
BT;british telecom
MLA;member of the legislative assembly"
6,Flash memory emulator,33810267,FET;flash emulation tool,"PC;personal computer
IP;intellectual property
TI;texas instruments
MSP430;mixed signal processor 430
ROM;read-only memory
RAM;random-access memory",FET;flash emulation tool,"IP;internet protocol
ROM;read-only memory
RAM;random-access memory
PC;personal computer"
7,InterMapper,22881511,,"IP;internet protocol
http;hypertext transfer protocol
SNMP;simple network management protocol
CPU;central process unit",,"IP;internet protocol
SNMP;simple network management protocol
CPU;central processing unit
HTTP;hypertext transfer protocol"
8,Ecological indicator,4833901,"ROSELT;réseau d'observatoires du sahara et du sahel
OSS;observatoire du sahara et du sahel
CCD;convention to combat desertification",,"ROSELT;réseau d'observatoires du sahara et du sahel
OSS;observatoire du sahara et du sahel
CCD;chemical control division",
9,STC104,51050694,,"DS-Link;data strobe link
SGS-Thomson;società generale semiconduttori thomson
DS-Link;data strobe link
MIMD;multiple instruction, multiple data
CMOS;complementary metal–oxide–semiconductor",,"HCMOS4;high-speed cmos
W;watt
Mbit/s;megabit per second
mm;millimetre
MIMD;multiple instruction, multiple data
CMOS;complementary metal–oxide–semiconductor
DS-Link;data strobe link
Mhz;megahertz
SGS-Thomson;società generale semiconduttori-thomson"
10,History of computer animation,30797574,"OSU;ohio state university
ILM;industrial light & magic
NBS;national bureau of standards
JPL;jet propulsion laboratory
MOS;metal-oxide-semiconductor
CGL;computer graphics laboratory
ARPA;advanced research projects agency
SGI;silicon graphics inc
CGI;computer-generated imagery
IEEE;institute of electrical and electronics engineers
DVE;digital video effect
CA;california
DRAM;dynamic random-access memory
SEAC;standards eastern automatic computer
MIT;massachusetts institute of technology
IRIS;integrated raster imaging system
NYIT;new york institute of technology
RGB;red blue green
TV;television
AMAS;academy of machinima arts & sciences
Lab;laboratory
CG;computer graphics
SUN;stanford university network
SD;standard definition
Beflix;bell flicks
ACM;association for computing machinery
SICGRAPH;special interest committee on computer graphics
DVM8000/1;digital video manipulator 8000/1","VAX;virtual address extension
MB;megabyte
NFB;national film board
NTSC;national television system committee
BESM-4;bolshaya elektronno-schetnaya mashina
APT;automatically programmed tool
CPB;corporation for public broadcasting
VTR;video tape recorder
UK;united kingdom
3D;3 dimensions
2D;two dimensions
Antics;animated technicolor-image computer system
4D;4 dimensions
NASA;national aeronautics and space administration
SIGGRAPH;special interest group on computer graphics and interactive techniques
VLSI;very large-scale integration
CAD;computer-aided design","OSU;ohio state university
ILM;industrial light & magic
Mocap;motion capture
NFBC;national film board of canada
NBS;national bureau of standards
JPL;jet propulsion laboratory
MOS;metal-oxide-semiconductor
CGL;computer graphics laboratory
ARPA;advanced research projects agency
CGI;computer-generated imagery
IEEE;institute of electrical and electronics engineers
DVE;digital video effect
CA;california
DRAM;dynamic random-access memory
SEAC;standards eastern automatic computer
MIT;massachusetts institute of technology
IRIS;integrated raster imaging system
SGI;silicon graphics, inc
NYIT;new york institute of technology
AKA;also known as
TV;television
US;united states
AMAS;academy of machinima arts & sciences
CG;computer graphics
RGB;red, green & blue
SUN;stanford university network
NHK;nippon hoso kyokai
SD;standard definition
ACM;association for computing machinery
NUK;nippon univac kaisha
SICGRAPH;special interest committee on computer graphics
CAPS/ink;computer animation production system ink","APT;advanced production technologies
BESM-4;bolshaya elektronno-schetnaya mashina 4
NASA;national aeronautics and space administration
2-D;two dimensions
CD;compact disk
PARC;palo alto research center
4D;four dimensions
USA;united states of america
BBC;british broadcasting corporation
CAD;computer-aided design
BESK;binär elektronisk sekvenskalkylator
VAX;virtual address extension,
VTR;video tape recorder
CPB;congress in the public broadcasting
3D;three dimensions
DSV;deep submergence vehicle
AMPAS;academy of motion picture arts and sciences
RISC;reduced instruction set computer
NFB;national film board of canada
RF;radio frequency
DC;district capital
UK;united kingdom
IMAX;image maximum
3-D;three dimensions
USC;university of southern california
DFS;digital framestore synchroniser
Antics;animated technicolor-image computer system
LEDs;light emitting diodes
DVM8000/1;digital video manipulator 8000/1"
11,DU Ad Platform,50789048,,"Inc;incorporated
SDK;software development kit",Ad;advertising,"SDK;software development kit
Inc;incorporation"
12,OCCAID,9631095,OCCAID;open contributors corporation for advanced internet development,IPv6;internet protocol version 6,OCCAID;open contributors corporation for advanced internet development,IPv6;internet protocol version 6
13,Dōkyūsei 2,1271969,,,,
14,Web hosting service,157465,"FTP;file transfer protocol
SSL;secure sockets layer
VPS;virtual private server
LAMP;linux apache mysql php
SLA;service lever agreement
ISP;internet service provider
DDoS;distributed denial of service","ASP;active server page
PC;personal computer
email;electronic mail
RAM;random access memory
DNS;domain name system
PHP;hypertext preprocessor
CPU;central process unit
IP;internet protocol
TCP;transmission control protocol
URL;uniform resource locator","FTP;file transfer protocol
SSL;secure sockets layer
VPS;virtual private server
LAMP;linux, apache, mysql, and php/perl/python
DDoS;distributed denial of service attack
SLA;service level agreement
ISPs;internet service providers","PC;personal computer
RAM;random access memory
DNS;domain name system
USENET;unix user network
IP;internet protocol
URL;uniform resource locator
CPU;central processing unit"
15,Alibaba Cloud,51100188,"IaaS;infrastructure as a service
RDBMS;relational database management system
SUSS;singapore university of social sciences
OLAP;online analytical processing
PB;petabyte
CDN;content delivery networks
DAG;directed acyclic graph","OOS;object storage
VLDB;very large data bases
C5;cloud computing compliance controls catalogue
DBaaS;database as a service
TPC;transaction processing performance council
e-commerce;electronic commerce
vCPUs;virtual central processing units
IoT;internet of things
GB;gigabyte
SIGMOD;special interest group on management of data
US;united states
SaaS;software as a service
Aug.;august
TB;terabyte
PaaS;platform as a service
TPC-DS;transaction processing performance council-decision support
Anti-DdoS;anti-distributed denial of service","RDBMS;relational database management system
SUSS;singapore university of social sciences
OLAP;online analytical processing
PB;petabyte
CDN;content delivery networks
DAG;directed acyclic graph
IaaS;infrastructure as a service","OOS;object storage
TPC;transaction processing performance council
VLDB;very large data base
e-commerce;electronic commerce
GB;gigabyte
SIGMOD;special interest group on management of data
US;united states
TB;terabyte
PaaS;platform as a service
DBaaS;database as service
SaaS;software as a service
IoT;internet of things
vCPUs;virtual central processing units"
16,Partition (database),1983101,,,,
17,Location transparency,1959320,,,,
18,Rugged smartphone,61537795,,"psi;pound force per square inch
C;celcius
IP;ingress protection
M;meter
IEC;international electrotechnical commission
cm;centimeter
U.S.;united states
L/min;liter per minute",,"IP;international protection
IEC;international electrotechnical commission"
19,Relay network,24711058,TOR;the onion router,,,e.g.;exempli gratia
20,Information and communications technology in agriculture,10552308,"IICA;inter-american institute for cooperation on agriculture
WSIS;world summit on the information society
UNDESA;united nations department of economic and social affairs
IICD;international centre for communication for development
GIS;geographic information system
ITU;international telecommunication union
SMS;short message service
FAO;food and agriculture organization
GPS;global positioning system
CGIAR;consultative group on international agricultural research
GFAR;global forum on agricultural research
GIZ;deutsche gesellschaft für internationale zusammenarbeit
CTA;technical centre for agricultural and rural cooperation
IFAD;international fund for agricultural development
DFID;department for international development
UN;united nations
IAALD;international association of agricultural information specialists
NAL;united states national agricultural library
ODI;overseas development institute
GKP;global knowledge partnership","ICT;information and communication technology
UK;united kingdom
GAID;global alliance for information and communication technologies and development
RFID;radio-frequency identification","GPS;global positioning system
CTA;technical centre for agricultural and rural cooperation
DFID;department for international development
IFAD;international fund for agricultural development
UN;united nations
IICD;international centre for communication for development
SMS;short message service
ODI;overseas development institute
GKP;global knowledge partnership
IICA;inter-american institute for cooperation on agriculture
ICTs;information and communication technologies
CGIAR;consultative group on international agricultural research
GFAR;global forum on agricultural research
GIZ;deutsche gesellschaft für internationale zusammenarbeit
IAALD;international association of agricultural information specialists
WSIS;world summit on the information society
UNDESA;united nations department of economic and social affairs
ITU;international telecommunication union
FAO;food and agriculture organization
NAL;united states national agricultural library
GiS;geographic information system","ICT;information and communication technology
e-agriculture;information and communication technology in agriculture
GAID;global alliance for information and communication technologies and development
RFID;radio-frequency identification"
21,Outline of human–computer interaction,904443,HCI;human–computer interaction,,HCI;human–computer interaction,
22,IRC services,487229,"CS;chanserv
IRC;internet relay chat","EFnet;eris-free network
IRCd;internet relay chat daemon",IRC;internet relay chat,"EFnet;eris-free network
OpenNap;open-source napster
IRCd;internet relay chat daemon
K-line;kill line
G-line;global kill line"
23,FreeNAS,5368671,"NAS;network-attached storage
OS;operating system","JS;java script
SATA;serial advanced technology attachment
SSH;secure socket shell
RAID;redundant array of inexpensive drives
DOM;disk on module
FTP;file transfer protocol
CD-ROM;compact disc read-only memory
SMB;server message block
iSCSI;internet small computer system interface
BSD;berkeley software distribution
TFTP;trivial file transfer protocol
API;application programming interface
AFP;apple filing protocol
REST;representational state transfer
NFS;network file system
ZFS;zettabyte file system
USB;universal serial bus
PHP-based;hypertext preprocessor-based","NAS;network-attached storage
OS;operating system","iSCSI;internet small computer systems interface
DOM;disk on module
RAID;redundant array of independent disks
JS;javascript
FTP;file transfer protocol
REST;representational state transfer
SMB;server message block
SSH;secure shell
BSD;berkeley software distribution
API;application programming interface
CD-ROM;compact disc, read-only-memory
GA;general availability
TFTP;trivial file transfer protocol
AFP;apple filing protocol
SATA;serial ata
ZFS;z file system
NFS;network file system
USB;universal serial bus
PHP-based;hypertext preprocessor-based"
24,Universal controls,14281172,"PDP;policy decision point
PEP;policy enforcement point","CD;compact disc
IM;instant message
API;application proandom access memorygram interface
PC;personal computer
FTP;file transfer protocol
XACML;extensible access control markup language
SOA;service-oriented architecture
4GL;fourth-generation programming language
USB;universal serial bus","PDP;policy decision point
PEP;policy enforcement point","CD;compact disc
FTP;file transfer protocol
IM;instant messaging
PC;personal computer
XACML;extensible access control markup language
e-mail;electronic mail
API;application programming interface
4GL;fourth-generation programming language
USB;universal serial bus"
25,TI-81,657653,TI;texas instruments,"RAM;random access memory
CAS;computer algebra system
Mhz;megahertz",,"RAM;random access memory
MS-DOS;microsoft disk operating system
Mhz;megahertz"
26,Subgroup analysis,5434504,,e.g.;exempli gratia,,e.g.;exempli gratia
27,Information and Content Exchange,412556,"OCS;open content syndication
ICE;information and content exchange","HTTP;hypertext transfer protocol
PRISM;publishing requirements for industry standard metadata
XML;extensible markup language
WDDX;web distributed data exchange
NITF;news industry text format
W3C;world wide web consortium
CDF;channel definition format
DCOM;distributed component object model
CORBA;common object request broker architecture","OCS;open content syndication
ICE;information and content exchange","HTTP;hypertext transfer protocol
XML;extensible markup language
WDDX;web distributed data exchange
NITF;news industry text format
W3C;world wide web consortium
RSS;really simple syndication
CDF;channel definition format
DCOM;distributed component object model
CORBA;common object request broker architecture"
28,Foldable smartphone,60119704,MWC;mobile world congress,"OLED;organic light-emitting diode
CEO;chief executive officer
LG;lucky-goldstar
ZTE;zhong xing telecommunication equipment
NEC;nippon electric company
TCL;telephone communication limited",MWC;mobile world congress,"OLED;organic light-emitting diode
CEO;chief executive officer
VP;vice-president"
29,Hamilton C shell,29820733,,"OS/2;operating system/2
etc;et cetera
NT;new technology",,"etc;et cetera
NT;new technology
OS/2;operating system/2"
30,Les Trophées du Libre,14701147,,,,
31,GIS file formats,410879,"RDBMS;relational database management system
RGB;red blue green
BLOB;binary large object
TIN;triangulated irregular networks
FSDSSs;fflexible spatial decision-making support systems","USGS;united states geological survey
GIS;global information system
JPEG;joint photographic experts group
TIFF;tagged image file format","RGB;red green blue
RDBMS;relational database management system
BLOB;binary large object
TIN;triangulated irregular networks
FSDSSs;flexible spatial decision-making support systems","USGS;united states geological survey
JPEG;joint photographic experts group
TIFF;tagged image file format
GIS;geographic information system"
32,Software remastering,9202700,"IE;internet explorer
distro;distribution","CD;compact disc
GUI;graphical user interface
MB;megabyte
PC;personal computer
IT;information technology
GNU;gnu's not unix
NT;windows nt
BSD;berkeley software distribution
ISO;international organization for standardization
DOS;disk operating system
CPU;central process unit
CD-ROM;compact disk-read only memory
Win98;windows 98
SLS;softlanding
SP1;service pack 1
SP2;service pack 2
USB-migrated;universal serial bus-migrated
USB-thumbdrive;universal serial bus-thumbdrive",,"CD;compact disc
GUI;graphical user interface
MB;megabyte
SLS;softlanding linux system
DVD;digital versatile disc
BSD;berkeley software distribution
ISO;international organization for standardization
DOS;disk operating system
USB-migrated;universal serial bus-migrated
USB-thumbdrive;universal serial bus-thumbdrive"
33,FeliCa,1432278,"AES;advanced encryption standard
EAL4;evaluation assurance level 4","JIS;japanese industrial standards
NFC;near-field communication
RFID;radio-frequency identification
IEC;international electrotechnical commission
ISO;international organization for standardization
NFC-F;near-field communication-felica","AES;advanced encryption standard
EAL4;evaluation assurance level 4
IT;information technology
FeliCa;felicity card
JICSAP;japan ic card system application council
IC;integrated circuit","VAIO;visual audio intelligent organizer
PC;personal computer
NFC;near field communication
Suica;super urban intelligent card
UK;united kingdom
RFID;radio-frequency identification
kbit/s;kilobit per second
USB;universal serial bus
JIS;japanese industrial standard
JR;japan railway
Mhz;megahertz"
34,ERAM,7895973,"ARTCC;air route traffic control center
ORD;operational readiness decision
SWIM;system wide information management
ERAM;en route automation modernization
ADS-B;automatic dependent surveillance-broadcast","FAA;federal aviation administration
NextGen;next generation
CONUS;contiguous united states","SWIM;system wide information management
ADS-B;automatic dependent surveillance-broadcast
ERAM;en route automation modernization
ARTCC;air route traffic control center","CONUS;continental united states
FAA;federal aviation administrationwww.faa.gov"
35,Daredevil Dennis,3118834,,BBC;british broadcasting corporation,C64;commodore 64,BBC;british broadcasting corporation
36,Librem,49548566,"HOTP;hmac-based one-time password
BIOS;basic input/output system
TOTP;time-based one-time password","mm;millimeter
RFC;request for comments
NXP;next experience
SPC;social purpose corporation
KDE;k desktop environment
g;gram
GNOME;gnu network object model environment
USB;universal serial bus
CPU;central processing unit
kbit/s;kilobit per second
HMAC-based;hash-based message authentication code-based
GTK-compliant;gimp toolkit-compliant
IP-native;internet protocol-native
GNU/Linux;gnu's not unix!/linux","TOTP;time-based one-time password algorithm
HOTP;hmac-based one-time password
BIOS;basic input/output system","RFC;request for comments
mm;milimeter
NXP;next experience
SPC;social purpose corporation
KDE;k desktop environment
g;gram
GNOME;gnu network object model environment
USB;universal serial bus
CPU;central processing unit
HMAC-based;hash-based message authentication code-based
GTK-compliant;gimp toolkit-compliant
PureOS;pure operating system
IP-native;internet protocol native
GNU/Linux;gnu's not unix!/linux"
37,John C. Gittins,28046840,"Sci.;science
D.;doctor",,"Sci.;science
D.;doctor",
38,The Kirlian Frequency,60002558,,"Cine;cinema
indie;independent
TV;television
AM;amplitude modulation",,"AM;ante meridiem
TV;television
Cine;cinema
indie;independent
Labs;laboratories"
39,Intelligence assessment,519276,"F3EA;find-fix-finish-exploit-assess
RFI;request for information",,"F3EA;find-fix-finish-exploit-assess
RFI;request for information",
40,Lego Friends,34370313,,"NPR;national public radio
TV;television
DK;dorling kindersley
Direct-to-DVD;direct-to-digital video disc",,"NPR;national public radio
DK;dorling kindersley"
41,Private Internet Access,39920910,"VPN;virtual private network
ECC;elliptic curve cryptography
PIA;private internet access","CEO;chief executive officer
IRC;internet relay chat
AES;advanced encryption standard
PPTP;point-to-point tunneling protocol
DNS;domain name system
TCP;transmission control protocol
Ipv6;internet protocol version 6
SHA1;secure hash algorithm 1
RSA;rivest–shamir–adleman
UDP;user datagram protocol
L2TP/IPsec;internet protocol security/layer 2 tunneling protocol
OpenVPN;open virtual private network","VPN;virtual private network
ECC;elliptic curve cryptography
PIA;private internet access","CEO;chief executive officer
IRC;internet relay chat
AES;advanced encryption standard
PPTP;point-to-point tunneling protocol
DNS;domain name system
IPv6;internet protocol version 6
RSA;rivest-shamir-adleman
TCP;transmission control protocol
UDP;user datagram protocol
L2TP/IPsec;internet protocol security/layer 2 tunneling protocol
SHA256;secure hash algorithm 256
OpenVPN;open virtual private network"
42,Dean Allemang,17723079,,"SPARQL;sparql protocol and rdf query language
OWL-ED;web ontology language edition
PhD;doctor of philosophy
RDF;resource description framework
MSc;master of science
LLC;limited liability company",,"SPARQL;sparql protocol and rdf query language
PhD;doctor of philosophy
OWL-ED;owl: experiences and directions
RDF;resource description framework
MSc;master of science
LLC;limited liability company"
43,Network sovereignty,41792368,"VPNs;virtual private networks
ISPs;internet service providers
PCT;patent cooperation treaty
WIPO;world intellectual property organization","No.;number
PIPA;protect internet protocol act
UK;united kingdom
SOPA;stop online piracy act
IP;internet protocol
EU;european union","VPNs;virtual private networks
ISPs;internet service providers
PCT;patent cooperation treaty
WIPO;world intellectual property organization","PIPA;protect ip act
Wi-Fi;wireless fidelity
UK;united kingdom
SOPA;stop online piracy act
US;united states
e-commerce;eletronic commerce
IP;internet protocol
EU;european union"
44,XProc,13015603,,XML;extensible markup language,,"XML;extensible markup language
W3C;world wide web consortium"
45,International Arctic Research Center,6577179,"IARC;international arctic research center
UAF;university of alaska fairbanks",,"IARC;international arctic research center
UAF;university of alaska fairbanks",
46,ChipWits,6870355,,Dec;december,,Dec;december
47,JBIG,1061675,JBIG;joint bi-level image experts group,"IBM;international business machines corporation
ITU-T;international telecommunication union telecommunication standardization sector
AT&T;american telephone and telegraph company
ISO/IEC;international organization for standardization/international electrotechnical commission",JBIG;joint bi-level image experts group,"IBM;international business machines corporation
ITU-T;itu telecommunication standardization sector
AT&T;american telephone and telegraph
JTC;joint technical committee
ISO/IEC;international organization for standardization/international electrotechnical commission
ITU-T;international telecommunication union telecommunication standardization sector
1/SC;1/subcommittee"
48,Linwood G. Dunn,5323047,"ASC;american society of cinematographers
AMPAS;academy of motion picture arts and sciences
A.S.C;american society of cinematographers","mm;millimetre
3-D;3 dimensions
TV;television
RKO;radio-keith-orpheum","AMPAS;academy of motion picture arts and sciences
A.S.C.;american society of cinematographers","mm;millimeter
RKO;radio-keith-orpheum
TV;television
3-D;three-dimensional"
49,Bitmovin,46596986,,"DRM;digital rights management
HTTP;hypertext transfer protocol
MPEG;moving picture experts group
DASH;dynamic adaptive streaming over http
etc;et cetera
IETF;internet engineering task force
IIS;internet information services
AWS;amazon web services
DASH-IF;dash industry forum
HTML5;hypertext markup language 5",,"DRM;digital rights management
HTTP;hypertext transfer protocol
DASH-IF;dynamic adaptive streaming over http-industry forum
MPEG;moving picture experts group
MPEG-DASH;moving picture experts group-dynamic adaptive streaming over http
IETF;internet engineering task force
IIS;internet information services
AWS;amazon web services
HTML5;hypertext markup language 5
DASH;dynamic adaptive streaming over http"
50,HP Pavilion (computer),3089253,"HPE;high performance edition
HP;hewlett-packard
PSU;power supply unit","MB;megabyte
PC;personal computer
RAM;random access memory
Wi-Fi;wireless fidelity
US;united states
XPS;xtreme performance system
AMD;advanced micro devices
MTV;music television
GPU;graphics processing unit
CD-ROM;compact disc, read-only memory
DVD;digital versatile disc
IBM-compatible;international business machines-compatible
Mhz;megahertz","HPE;high performance edition
PSUs;power supply units
HP;hewlett-packard","PC;personal computer
CD-ROM;compact disc read-only memory
RAM;random access memory
US;united states
etc;et cetera
AMD;advanced micro devices
DVDs;digital versatile discs
s;seconds
Co;company
MTV;music television
GPU;graphics processing unit
Mhz;megahertz
IBM-compatible;international business machines-compatible"
51,Flexenclosure,40073004,"IFC;international finance corporation
NOC;network operations centre","AB;aktiebolag
telecom;telecommunications
UAE;united arab emirates
US$;united states dollars","IFC;international finance corporation
NOC;network operations centre
AP2;andra ap-fonden",UAE;united arab emirates
52,Spare Parts (video game),29911535,,"EA;electronic arts
HAL;heuristically programmed algorithmic computer
AI;artificial intelligence",,"EA;electronic arts
IGN;imagine games network
AI;artificial intelligence
A.V.;audio visual
HAL;heuristically programmed algorithmic computer"
53,Eirpac,14087346,NUI;network user identification,"VPN;virtual private network
ATDT;attention dial tone
AT;attention
DNIC;data network identification code",NUI;network user identification,"VPN;virtual private network
DNIC;data network identification code"
54,Stealth wallpaper,4194311,,"Wi-Fi;wireless fidelity
UK;united kingdom
GSM;global system for mobile communications",,"BAE;british aerospace
4G;fourth generation
UK;united kingdom
Wi-Fi;wireless fidelity
GSM;global system for mobile communications"
55,Spanish Data Protection Agency,31550711,AEPD;spanish data protection agency,EC;european commission,AEPD;agencia española de protección de datos,"Wi-Fi;wireless fidelity
EC;european council
Wifi;wireless fidelity"
56,Efficient XML Interchange,12060598,"EXI;efficient xml interchange
W3C;world wide web consortium
EXI-capable;efficient xml interchange-capable","US;united states
XML;extensible markup language
non-XML;non-extensible markup language","EXI;efficient xml interchange
W3C;world wide web consortium
EXI-capable;efficient xml interchange-capable","XML;extensible markup language
non-XML;non-extensible markup language"
57,E-Report,13328107,"VT;vocational training
VCs;vocational centers","VET;vocational education and training
PC;personal computer
ICT;information and communications technology
e-newsletter;electronic newsletter
U;university
e-learning;electronic learning
LMS;learning management system
DVD;digital video disc
EAC;education, audiovisual and culture
CD;compact disk
e-tutoring;electronic tutoring
e.g.;exempli gratia",,"PC;personal computer
ICT;information and communications technology
DVD;digital versatile disc
LMS;learning management system
VET;vocational technology training
CD;compact disk"
58,Mkfs,12769879,,"CPM;control program monitor
bfs;boot file system
VXFS;veritas file system
NTFS;new technology file system
HFS;hierarchical file system
vfat;virtual file allocation table
mkfs;make filesystem
SCO;santa cruz operation
MSDOS;microsoft disk operating system
minix;mini-unix
RF;radio-frequency
fat;file allocation table
HP-UX;hewlett packard-unix
DECtape;digital equipment corporation tape",,"ext2;second extended file system
NTFS;nt file system
e.g.;exempli gratia
VXFS;veritas file system
ext2;extended file system 2
ext3;extended file system 3
vfat;virtual file allocation table
HFS;hierarchical file system
HP-UX;hewlett packard unix
MSDOS;microsoft disk operating system
SunOS;sun operating system
DECtape;digital equipment corporation tape
minix;mini-unix
CPM;control program for microcomputers
fat;file allocation table
SCO;santa cruz operation
ext4;extended file system 4"
59,Zach Galifianakis,644431,,"LA;los angeles
FX;effects
H.B.;house bill
TV;television
Mr.;mister
UBC;university of british columbia
SXSW;south by soutwest
HBO;home box office
VH1;video hits one
MTV;music television
direct-to-DVD;direct-to-digital versatile disc",,"LA;los angeles
HBO;home box office
FX;fox extended networks
SXSW;south by southwest
VH1;video hits one
MTV;music television
direct-to-DVD;direct-to-digital versatile disc"
60,Systematics – study of multi-term systems,2892398,LVT;logovisual thinking,,LVT;logovisual thinking,
61,Triplestore,16727386,"RDF;resource description framework
OLAP;online analytical processing","NoSQL;not only structured query language
SPARQL;simple protocol and rdf (resource description framework) query language
SQL;structured query language
SQL-based;structured query language-based
SPARQL;sparql protocol and rdf query language","RDF;resource description framework
OLAP;online analytical processing","SPARQL;sparql protocol and rdf query language
NoSQL;not only structured query language
SQL;structured query language
SQL-based;structured query language-based"
62,Public-domain-equivalent license,6504282,"FSF;free software foundation
OSI;open systems interconnection","FOSS;free and open-source software
BSD;berkeley software distribution
WTFPL;do what the fuck you want to public license
CC0;creative commons 0
GNU;gnu's not unix!","SPDX;software package data exchange
FSF;free software foundation
OSI;open source initiative","OpenBSD;open berkeley software distribution
FOSS;free and open source software
WTFPL;do what the f* you want to public license
BSD;berkeley software distribution
GNU;gnu's not unix
CC0;creative commons 0"
63,Network mapping,142338,"AS-level;autonomous systems-level
AS;autonomous systems","OSI;open system interconnection
ISP;internet service provider
BGP;border gateway protocol
MIBs;management information bases
IT;information technology
3D;3 dimensions
BGPMon;border gateway protocol monitoring
SNMP;simple network management protocol
ICMP;internet control message protocol
RIPE;réseaux ip européens
POP;post office protocol
IP;internet protocol
URLs;uniform resource locators
e.g.;exempli gratia
etc.;et cetera","AS;autonomous systems
AS-level;autonomous systems-level","BGP;border gateway protocol
MRT;multiple render targets
ISP;internet service provider
POP;point of presence
RIPE;réseaux ip européens
e.g.;exempli gratia
IT;information technology
BGPMon;border gateway protocol monitoring
SNMP;simple network management protocol
ICMP;internet control message protocol
OSI;open systems interconnection
IP;internet protocol
MIBs;management information bases
URLs;uniform resource locators"
64,Smart card management system,34556149,"SCMS;smart card management system
CMS;credential management system",EOL;end of life,"SCMS;smart card management system
CMS;credential management system",EOL;end of life
65,NamePros,43696305,,"USD;united states dollar
RSS;really simple syndication",,"RSS;rich site summary
USD;united states dollar"
66,Qt Project,39331660,QPL;q public license,"KDAB;klarälvdalens datakonsult ab
CEO;chief executive officer
GPL;general public license
IBM;international business machines corporation
RIM;research in motion
LGPL;lesser general public license
BSD-style;berkeley software distribution-style",QPL;q public license,"KDAB;klarälvdalens datakonsult ab
GPL;general public license
KDE;k desktop environment
RIM;research in motion
IBM;international business machines
LGPL;lesser general public license
BSD-style;berkeley software distribution-style"
67,Distributed transmission system,20376898,"PID;packet identifier
MTVA;metropolitan television alliance
US;united states
DTS;distributed transmission system
NYC;new york city
DTV;digital television
DTx;distributed transmission system
FCC;federal communications commission","Mhz;megahertz
Hz;hertz
OMP;operations and maintenance packet
DMA;designated market area
VHF;very high frequency
UHF;ultra high frequency
8VSB;8-level vestigial sideband modulation
ATSC;advanced television systems committee
kW;kilowatt
GPS;global positioning system
TV;television
NBC;national broadcasting company
CTIA;cellular telecommunications and internet association
RF;radio-frequency
dB;decibel
Ghz;gigahertz
OFDM;orthogonal frequency-division multiplexing
DVB-T;digital video broadcasting-terrestrial
non-MPEG;non-moving picture experts group","PID;process identifier
MTVA;metropolitan television alliance
US;united states
DTS;distributed transmission system
NYC;new york city
DTV;digital television
DTx;distributed transmission system
FCC;federal communications commission","Mhz;megahertz
Hz;hertz
OMP;operations and maintenance packet
DMA;designated market area
VHF;very high frequency
UHF;ultra high frequency
low-VHF;low-very high frequency
8VSB;8-level vestigial sideband modulation
ATSC;advanced television systems committee
kW;kilowatt
GPS;global positioning system
TV;television
NBC;national broadcasting company
DVB-T;digital video broadcasting — terrestrial
CTIA;cellular telecommunications and internet association
RF;radio-frequency
dB;decibel
Ghz;gigahertz
OFDM;orthogonal frequency-division multiplexing
non-MPEG;non-moving picture experts group"
68,Glitching,1524152,GTA;grand theft auto,"FIFA;fédération internationale de football association
NCAA;national collegiate athletic association
L.A.;los angeles",,"Bros.;brothers
NCAA;national collegiate athletic association
L.A.;los angeles"
69,XPath 2.0,1003003,W3C;world wide web consortium,"QName;qualified name
XDM;experience data model
XPath;xml path language
XSLT;extensible stylesheet language for transformation
XML;extensible markup language
FLWOR;for let where order by return
XQuery;xml query",W3C;world wide web consortium,"XPath;xml path language
FLWOR;for, let, where, order by, return
XSLT;extensible stylesheet language for transformation
XML;extensible markup language
XDM;xquery and xpath data model
XQuery;xml query"
70,Guard tour patrol system,9465204,"SaaS;software as a service
PES;portable electronic sensor","ID;identifier
i.e.;id est
GPS;global positioning system
RFID;radio frequency identification
NFC;near field communication
USB;universal serial bus
GPRS;general packet radio service
QR;quick response","SaaS;software as a service
PES;portable electronic sensor","GPS;global positioning system
RFID;radio frequency identification
NFC;near field communication
ID;identification
USB;universal serial bus
GPRS;general packet radio service
QR;quick response"
71,Route redistribution,42968021,,,,
72,Nvidia Tesla,42100593,GPGPU;general-purpose graphics processing units,"FinFET;fin field-effect transistor
AMD;advanced micro device
GPUs;graphics processing units
CUBA;compute unified device architecture
AMD's;advanced micro devices
TSMC's;taiwan semiconductor manufacturing company limited
GeForce;general electronic facsimile optimized for repair and ceaseless exploration
HBM2;high bandwidth memory 2
OpenCL;open computing language","GPGPU;general-purpose graphics processing units
GPUs;graphics processing units","FinFET;fin field-effect transistor
APIs;application programming interfaces
AMD;advanced micro devices
TSMC;taiwan semiconductor manufacturing company
CUDA;compute unified device architecture
HBM2;high bandwidth memory 2
OpenCL;open computing language
ARMv8;advanced risc machines version 8
DVI;digital visual interface"
73,MaPS S.A.,46489271,MaPS;marketing publishing  sales,"S.A.;sibling alert
GS1;global standards 1
ICT;information and communications technology
ICI;imperial chemical industries
MaPS S.A.;marketing publishing  sales sibling alert",MaPS;marketing publishing and sales,"GS1;global standards 1
ICT;information and communication technologies
S.A.;société anonyme
ICI;incubation & capital investment"
74,Dataspaces,26705941,"PIM;personal information management
DSSP;dataspace support platform",e.g.;exempli gratia,DSSP;dataspace support platform,"e.g.;exempli gratia
PIM;product information management
CORIE;cyber operational resilience intelligence-led exercises
SIGMOD;special internet group on management of data"
75,Acer beTouch E130,29563450,,Inc.;incorporated,,Inc.;incorporated
76,CRIME,37005552,"BREACH;browser reconnaissance and exfiltration via adaptive compression of hypertext
CRIME;compression ratio info-leak made easy","WEB;world english bible
HTTPS;hypertext transfer protocol secure
nginx;engine-ex
HTTP;hypertext transfer protocol
SPDY;speedy(networking protocol)
COOKIE;small file relating to a website
SSL;secure sockets layer
CVE;common vulnerabilities and exposures
BEAST;browser exploit against ssl/tls
TLS;transport layer security","BREACH;browser reconnaissance and exfiltration via adaptive compression of hypertext
Crime;compression ratio info-leak made easy
TLS;transport layer security","HTTPS;hypertext transfer protocol secure
HTTP;hypertext transfer protocol
CVE;common vulnerabilities and exposures
SPDY;speedy
OpenSSL;open secure sockets layer
BEAST;browser exploit against ssl/tls"
77,KakaoPage,48479886,,"mid;middle
Google;global organisation of oriented group language of earth
WEB;world english bible",,"Kakao Corp.;kakao corporation
Daewon C.I.;daewon culture industry"
78,Motorola 68008,174940,,"HMOS;high density, short channel mos
RAM;random-access memory
QL;quantum leap",,"HMOS;high density, short channel mos
bit;binary digit
RAM;random access memory
QL;quantum leap"
79,GolfBOO,44190015,,,,
80,CEN/XFS,1064223,XFS;extensions for financial services,"IBM;international business machines corporation
CEN;comité européen de normalisation
EFTPOS;electronic funds transfer at point of sale
J/XFS;java extensions for financial services
NCR;national cash register
ATM;automated teller machine
CEN/ISSS;comité européen de normalisation/information  society  standardization  system
WOSA/XFS;windows open services architecture/extensions for financial services
XML;extensible markup language
JavaPOS;java for point of sale devices
CEN/XFS;comité européen de normalisation/extensions for financial services
WOSA;windows open services architecture
API;application programming interface","XFS;extensions for financial services
CEN;comité européen de normalisation","EFTPOS;electronic funds transfer at point of sale
CEN/ISSS;comité européen de normalisation/information society standardization system
IBM;international business machines
NCR;national cash register
WOSA/XFS;windows open services architecture/extensions for financial services
XML;extensible markup language
ATMs;automated teller machines
JavaPOS;java for point of sale devices
CEN/XFS;comité européen de normalisation/extensions for financial services
WOSA;windows open services architecture
API;application programming interface
Microsoft;microcomputer software
J/XFS;java extension for financial services"
81,Avaya ERS 8800 Series,31089004,"SF;switch fabric
ERS;ethernet routing switch
ASLAN;assured services local area network
JITC;joint interoperability test command
CPU;central processing unit","U.S.;united states
VLAN;virtual local area network","ASLAN;assured services local area network
JITC;joint interoperability test command
ERS;ethernet routing switch","MAC;media access control
IP;internet protocol
SF/CPU;switch fabric/central processing unit
VLANs;virtual local area networks
U.S.;united states"
82,National Carbon Company,11834748,NCC;national carbon company,"St.;saint
W. H. Lawrence;washington herbert lawrence
Myron T. Herrick;myron timothy herrick
Rutherford B. Hayes;rutherford birchard hayes
US;united states
U.S.;united states
LLC;limited liability company",NCC;national carbon company,"St.;saint
LLC;limited liability company
US;united states
U.S.;united states
UCAR;union carbide"
83,Maryse Liburdi,42121567,,"CEO;chief executive officer
US;united states",,"CEO;chief executive officer
US;united states"
84,Adobe Ultra,12869240,"CS4;creative suite 4
CS3;creative suite 3",3D;3 dimensions,CS3;creative suite 3,"ADOBE;another disc obliterated by elements.
CS4;creative suite 4
CS5;creative suite 5
3D;three-dimensional"
85,Ovi (Nokia),13142328,"ISVs;independent software vendors
IM;instant messaging
IP;intellectual property","PDF;portable document format
Java ME;java micro edition
URL;uniform resource locator
USA;united states of america
SMS;short message service
PC;personal computer
PIM;product information management
US;united states
UK;united kingdom
API;application programming interface
CSV;comma-separated values
CA;california","MTP;media transfer protocol
IM;instant messaging
ISVs;independent software vendors
IP;intellectual property","PDF;portable document format
Java ME;java micro edition
e.g.;exempli gratia
vs;versus
etc;et cetera
USA;united states of america
SMS;short message service
PC;personal computer
PIM;product information management
IE 6;internet explorer 6
US;united states
UK;united kingdom
API;application programming interface
USB;universal serial bus
Sync;synchronization
App;application
MP3;mpeg-1 audio layer iii
apps;applications
IE 7;internet explorer 7"
86,Atom (text editor),42083804,"apm;atom's package manager
IDE;integrated development environment","HTML;hypertext markup language
CSS;cascading style sheets
MIT;massachusetts institute of technology",IDE;integrated development environment,"HTML;hypertext markup language
CSS;cascading style sheets
MIT;massachusetts institute of technology"
87,InterMezzo (file system),48095,"FTP;file transfer protocol
GNU;general public license","JFS;journaled file system
WWW;world wide web","FTP;file transfer protocol
GNU;general public license","JFS;journaled file system
XFS;extended file system
WWW;world wide web
ext3;third extended filesystem"
88,Art & Architecture Thesaurus,8731797,"TELDAP;taiwan e-learning and digital archives program
TGN;thesaurus of geographic names
GRI;getty research institute
AAT;art & architecture thesaurus
ULAN;union list of artist names","ANSI;american national standards institute
NY;new york
ISO;international organization for standardization
NISO;national information standards organization
VT;vermont
RPI;rensselaer polytechnic institute","TELDAP;taiwan e-learning and digital archives program
TGN;thesaurus of geographic names
GRI;getty research institute
AAT-Taiwan;art & architecture thesaurus-taiwan
AAT;art & architecture thesaurus
ULAN;union list of artist names","ANSI/NISO;american national standards institute/national information standards organization
ISO;international organization for standardization
NISO;national information standards organization
VT;vermont
RPI;rensselaer polytechnic institute"
89,Kraus–Weber test,55862417,K-W;kraus–weber,,K-W;kraus–weber,
90,Diskless shared-root cluster,9183639,"SSI;single-system image
OS;operating system","NFS;network file system
dhcp;dynamic host configuration protocol
pxe;preboot execution environment
OpenVMS;open virtual memory system
VMScluster;virtual memory system cluster
tftp;trivial file transfer protocol","SSI;single-system image
OS;operating system","NFS;network file system
dhcp;dynamic host configuration protocol
pxe;preboot execution environment
UNIX;uniplexed information and computing system
OpenVMS;open virtual memory system
VMScluster;virtual memory system cluster
tftp;trivial file transfer protocol
nfs;network file system"
91,InterNetNews,172820,"CNFS;cyclical news filesystem
INN;internetnews
ISC;internet systems consortium",NNTP;network news transfer protocol,"CNFS;cyclical news filesystem
INN;internetnews","innd;internet news daemon
ISC;internet systems consortium
NNTP;network news transfer protocol"
92,Albert Rowe (physicist),25454608,"AI;airborne interception
TRE;telecommunications research establishment
A. P.;albert percival
RDF;range and direction finding","H2S;home sweet home
CBE;commander of the most excellent order of the british empire
E. H.;ernest henry","AI;airborne interception
TRE;telecommunications research establishment
RDF;range and direction finding","CBE;commander of the order of the british empire
A. P. Rowe;albert percival rowe
E. H. Putley;ernest henry putley"
93,Ethernet hub,1937926,"I/O;input/output
AUI;attachment unit interface","OSI;open system interconnection
8P8C;8 position 8 contact
IEEE;institute of electrical and electronics engineers
RJ45;registered jack 45
BNC;bayonet neill–concelman
Mbit/s;megabit per second","I/O;input/output
AUI;attachment unit interface","e.g.;exempli gratia
100BASE-FX;ethernet
Mbit/s;megabites por segundo
10BASE5;ethernet
8P8C;8 position 8 contact
100BASE-TX;ethernet
IEEE;institute of electrical and electronics engineers
10BASE2;ethernet
BNC;bayonet neill–concelman
100BASE-T4;ethernet
10BASE-T;ethernet
OSI;open systems interconnection"
94,Short Payment Descriptor,37933439,"SPAYD;short payment descriptor
SPD;short payment descriptor","NFC;near-field communication
P2P;peer-to-peer
APIs;application programming interfaces
s.r.o.;self-regulatory organization
SEPA;single euro payments area
IBAN;international bank account number
vCard;virtual contact file
QR code;quick response code
MIME;multipurpose internet mail extensions
ASCII;american standard code for information interchange
a.s.;anonymous company",Spayd;short payment descriptor,"NFC;near-field communication
APIs;application programming interface
P2P;person-to-person
SEPA;single euro payments area
IBAN;international bank account number
vcard;virtual contact file
s.r.o.;senior responsible owner
a.s.;agent society
ASCII;american standard code for information interchange
QR;quick response"
95,Oral History Metadata Synchronizer,39925767,OHMS;oral history metadata synchronizer,"$;dollar
UK;united kingdom
Dr.;doctor
Louie B. Nunn;louie broady nunn",OHMS;oral history metadata synchroniser,"UK;united kingdom
Dr.;doctor"
96,SCVNGR,28206257,SCVNGR;scavenger,"SMS;short message service
app;application
www;world wide web",SCVNGR;scavenger,SMS;short message service
97,Act of Love (politics),49536247,U.S.;united states,"GOP;grand old party
ad;advertisement
H. W.;herbert walker",,"George H. W. Bush;george herbert walker bush
U.S.;united states of america
GOP;grand old party"
98,SMART Retainer,17775678,,,,SMART;small micro sensor retainer
99,Kantai Collection,40484879,,"R-18+;restricted
ENGI;entertainment graphic innovation
SQL;structured query language
Sega AM2;sega am research & development no. 2
PVC;polyvinyl chloride
VPN;virtual private network
Lv.;level
ASCII;american standard code for information interchange
GP;gold points
RNG-based;based on a random number generator",,"GP;great plains
IP;internet protocol
RPG;role-playing game
ENGI;entertainment graphic innovation
DMM;digital media manager
SQL;structured query language
PVC;polyvinyl chloride
VPN;virtual private network
2D;two-dimensional space
CDs;compact disks
Sega AM2;sega amusement machine research and development department 2
Vol.;volume
Lv.;level
R-18+;restricted to adults
CD;compact disk
3D;three-dimensional space
PS;playstation"
100,The Legend of Legacy,43948986,stats;statistics,"3DS;three dimensional software
3D;three dimensional
RPG;role-playing game
NIS;net institutional sales
USA;united states of america
RPGs;role-playing games","stats;statistics
RPG;role-playing game","3DS;three dimensional screen
3D;three dimensional
NIS;nippon ichi software
USA;united states of america"
101,SocialGO,22878839,,sgv2;socialgo pro,,"Pro;professional
site;website"
102,KornShell,17213,ksh;kornshell,"AIX;advanced interactive executive
IEEE-Std;institute of electrical and electronics engineers standards
POSIX;portable operating system interface","CDE;common desktop environment
AST;at&t software technology","Std;standard
Tcl/Tk;tool command language/tool kit
IEEE;institute of electrical and electronics engineers
AIX;advanced interactive executive
GNU;gnu's not unix
POSIX.2;portable operating system interface"
103,Regenerative design,14967273,"LENSES;living environments in natural, social and economic systems
BNIM;berkebile nelson immenschuh mcdowell
SPeAR;sustainable project appraisal routine
USGBC;us green building council","BREAM;building research establishment
LEED;leadership in energy and environmental design","LENSES;living environments in natural, social and economic systems
Cal;california
USGBC;us green building council
SPeAR;sustainable project appraisal routine
US;united states
BNIM;berkebile nelson immenschuh mcdowell
Poly;polytechnic","LEED;leadership in energy and environmental design
LEED-certified;leadership in energy and environmental design-certified
BREEAM;building research establishment environmental assessment method
et al.;et alia
etc.;et cetera
SMART;self-monitoring, analysis, and reporting technology
m;meters"
104,CityGML,5981974,"GML3;geography markup language 3
LoDs;levels of detail
OGC;open geospatial consortium","TC211;technical specifications 211
GML;geography markup language
3D;three dimension
XML;extensible markup language
CityGML;city geography markup language
ISO;international standards
DB;database","LoDs;levels of details
GML3;geography markup language 3
OGC;open geospatial consortium","GML;geography markup language
ISO TC211;international organization for standardization  technical committee 211
LoD;levels of detail
XML;extensible markup language
3D;three-dimensional
DB;database"
105,ProCurve Products,14509372,PCM;procurve manager,"LC;lucent connector
x86;80x86
VoIP;voice over ip
GbE;gigabit ethernet
WAN;wide area network
MSM;multiservice mobility
VPN;virtual private network
ProCurve;professional curve
GBICs;gigabit interface converters
IPS;intrusion prevention system
API;application programming interface
HP;hewlett-packard
Mbit/s;megabit per second",PCM;procurve manager,"LC;letter of credit
MSM;multiservice mobility
VPN;virtual private network
WAN;wide-area network
VoIP;voice over internet protocol
GBICs;gigabit interface converters
10GbE;10 gigabit ethernet
IPS;in-plane switching
API;application programming interface
Mbit/s;megabits per second
HP;hewlett-packard"
106,ArchiCAD,4410993,"IAI;international alliance for interoperability
2D;two-dimensional
API;application programming interface
3D;three-dimensional
GDL;geometric description language","BIMx;set of software tools to present model and documentation of building information models
5D;five-dimensional
BCF;building information modelling collaboration format
BIMcloud;platform for collaboration in building information modeling projects
CAD;computer-aided design
HTTPS;hypertext transfer protocol secure
LDAP;lightweight directory access protocol
DWG;proprietary binary file format
HTTP;hypertext transfer protocol
DXF;computer-aided design data file format
IFC;industry foundation classes
4D;four-dimensional
IT;information technology
OBDC;open database connectivity
etc.;et cetera
BIM;building information modeling","GDL;geometric description language
IAI;international alliance for interoperability
API;application programming interface","5D;five-dimensional
etc;et cetera
CAD;computer-aided design
LDAP;lightweight directory access protocol
BIMcloud;building information modeling cloud
ODBC;open database connectivity
IFC;industry foundation classes
4D;four-dimensional
2D;two-dimensional
MEP;mechanical/electrical/plumbing
3D;three-dimensional
BCF;bim collaboration format
IT;information technology
HTTP/HTTPS;hypertext transfer protocol/hypertext transfer protocol secure
DXF;drawing exchange format
BIM;building information modeling"
107,Microsoft Desktop Optimization Pack,14951927,"ERD;emergency repair disk
DaRT;microsoft diagnostics and recovery toolset
MDOP;microsoft desktop optimization pack",,"ERD;emergency repair disk
MDOP;microsoft desktop optimization pack
DaRT;diagnostics and recovery toolset",Microsoft;microcomputer software
108,MelsecNet,31565579,,Mbit/s;megabits per second,,Mbit/s;megabit per second
109,RE (complexity),3106703,"RE;recursively enumerable
R;recursive","co-RE-complete;complexity recursively enumerable complete
NRNC;non-recursive/non-complexity -recursive
MIP;multiple-interrogator-prover
co-RE;complexity recursively enumerable
RE-complete;recursively enumerable complete",RE;recursively enumerable,"RE-complete;recursively enumerable-complete
co-RE-complete;co-recursively enumerable-complete
co-RE;co-recursively enumerable"
110,BASIC Computer Games,20191096,,"TRS-80;tandy radio shack-80
BASIC;beginner's all-purpose symbolic instruction code
GW-BASIC;gee whiz-beginner's all-purpose symbolic instruction code
FOCAL;formulating on-line calculations in algebraic language
HP;hewlett packard
PET;personal electronic transactor
DEC;digital equipment corporation",,"BASIC;beginner's all-purpose symbolic instruction code
TRS-80;tandy/radioshack, z80 microprocessor
FOCAL;formulating on-line calculations in algebraic language
DEC's;digital equipment corporation's
GW-BASIC;gee-whiz beginner's all-purpose symbolic instruction code
PET;personal electronic transactor
HP;hewlett-packard
DEC;digital equipment corporation"
111,Data activism,51552534,CODIS;combined dna index system,DNA;deoxyribonucleic acid,CODIS;combined dna index system,DNA;deoxyribonucleic acid
112,CC (complexity),37764147,"CCVP;comparator circuit value problem
CC;comparator circuits","NC;nick's class
CC-complete;comparator circuits-complete
AC;alternating current
P;polynomial
NL;nondeterministic logarithmic","CCVP;comparator circuit value problem
CC;comparator circuits","NC;nick's class
CC-complete;comparator circuits-complete
P;polynomial time
AC;alternating circuits
NL;nondeterministic logarithmic-space"
113,Chaos game,2572603,IFS;iterated function syste,,IFS;iterated function system,n-flake;fractal from n sides polygon
114,H1droid,31465462,,"LiMo;linux mobile
GPU;graphics processing unit",,"SD;storage device
LiMo;linux mobile
GPU;graphics processing unit
microSD;micro storage device"
115,Switching lemma,31332864,,i.e.;id est,,i.e.;id est
116,Web widget,6725861,,"CSS;cascading style sheets
won't;will not
W3C;the world wide web consortium
CORS;cross-origin resource sharing
USA;the united state of america
API;application programming interface
HTML;hypertext markup language",,"CSS;cascading style sheets
CORS;cross-origin resource sharing
W3C;world wide web consortium
USA;united states of america
API;application programming interface
HTML;hypertext markup language"
117,HP Stream 7,48700969,HP;hewlett-packard,"microSDHC;micro source digital high capacity
RS;reduced standby
HSPA;high speed packet access
mAH;milliamp per hour
ZDNet;ziff davis network
USB;universal serial bus
MP;mega pixel
mm;millimeter
LCD;liquid-crystal display
IPS;in-plane switching
GHz;gigahertz
RAM;random-access memory
microSD;micro source digital
Wi-Fi;wireless fidelity
eIPS;enhanced in-plane switching
DDRL3;double data rate 3 low voltage
CPU;central processing unit
GB;gigabyte",HP;hewlett-packard,"microSDHC;micro secure digital high capacity
microSD;micro secure digital
mm;millimetre
DDR3L;double data rate 3 low voltage
ZDNet;ziff- davis network
mAh;milliamp hour
eIPS;enchanted in-plane switching
LCD;liquid-crystal display
GHz;gigahertz
RAM;random-access memory
USB;universal serial bus
Wi-Fi;wireless fidelity
IPS;in-plane switching
CPU;central processing unit
HSPA+;evolved high speed packet access
MP;megapixel
GB;gigabyte"
118,Pythagoras tree (fractal),2508505,"QB;quarterback
NFL;national football league
PCF;french communist party
UCD;university of california, davis
UNS;universal nut sheller","USD;united states dollar
Vol;volume
AIDS;acquired immunodeficiency syndrome
GED;general educational development tests
AD;anno domini
TV;television
TRL;total request live
L;length
LP;long play record
EU;european union
BC;before christ
EP;extended play record
MTV;music television
CD;compact disk","QB;quarterback
NFL;national football league
UCD;university of california, davis
UNS;universal nut sheller
EU;european union","AIDS;acquired immunodeficiency syndrome
GED;general educational development tests
NCAA;national collegiate athletic association
PCF;parti communiste français
BC;before christ
EP;extended play
MTV;music television
CD;compact disk"
119,TI-84 Plus series,615169,"TI;texas instruments
SE;silver edition","GUI;graphical user interface
mAh;milliampere-hour
LCD;liquid crystal display
ASIC;application-specific integrated circuit
MHz;megahertz
DBUS;desktop bus
MB;megabyte
I/O;input/output
OS;operating system
mm;millimeter
RSA;rivest–shamir–adleman
USB;universal serial bus
LED;light-emitting diode
ROM;read-only memory
RAM;random access memory
CE;color edition
CPU;central processing","TI;texas instruments
GNFS;general number field sieve
SE;silver edition","mini-USB;mini-universal serial bus
MB;megabyte
BASIC;beginners' all-purpose symbolic instruction code
PlySmlt2;polynomial root finder simultaneous equation solver
CPU;central processing unit
kB;kilobyte
DBUS;desktop bus
mm;millimetre
mAh;milliamp hour
SAT;standardized test
LED;light emitting diode
USB;universal serial bus
SDCC;small device c compiler
CE;color edition
ASIC;application-specific integrated circuit
ACT;american college testing
SE;special edition
GUI;graphical user interface
MHz;megahertz
OS;operating system
RAM;random-acess memory
LCD;liquid-crystal display
CS;complete shell
I/O;input/output
ROM;read-only memory
MP;megapixel
RSA;rivest–shamir–adleman"
120,Microsoft Exchange Hosted Services,5569019,EHS;exchange hosted services,"e-mail;electronic mail
Microsoft;microcomputer software",EHS;exchange hosted services,"e-mail;electronic mail
Inc.;incorporated"
121,Breidbart Index,665818,"BI30;breidbart index 30
BI7;breidbart index 7
BI2;breidbart index version 2
ACI;cancel-index
SBI;skirvin-breidbart index
EMP;excessive multiposts
CI;cancel-index
ECP;excessive crossposts","FAQ;frequently asked questions
Usenet;users network","BI2;breidbart index version 2
SBI;skirvin-breidbart index
EMP;excessive multiposts
CI;cancel-index
ECP;excessive crossposts
BI;breidbart index",FAQ;frequently asked questions
122,BitChute,55998495,"NSFL;not safe for life
NSFW;not safe for work",,"NSFL;not safe for life
NSFW;not safe for work",
123,YaDICs,46607954,"PIV;particle images velocimetry
NCC;normalized cross-correlation
Q4P1;first-order quadrangular finite elements
ZOI;zone of interest
DIC;digital image correlation
PIV;particle image velocimetry","BFGS;broyden-fletcher-goldfarb-shanno
i.e.;id est
3D;three dimensional
2D;two dimensional
YaDICs;yet another digital image correlation software
ITK;insight toolkit
OpenMP;open multi-processing
SSD;sum of squared differences
MUMPS;multifrontalmassivelyparallel sparse directsolver
Petsc;portable, extensible toolkit for scientific computation
CPU;central processing unit","DIC;digital image correlation
PIV;particle image velocimetry
NCC;normalized cross-correlation
ZOI;zone of interest","i.e.;id est
BFGS;broyden-fletcher-goldfarb-shanno
YaDICs;yet another digital image correlation software
ITK;insight toolkit
OpenMP;open multi-processing
SSD;sum of squared differences
B-spline;basis spline
2D;two-dimensional
MUMPS;multifrontal massively parallel sparse direct solver
3D;three-dimensional
Petsc;portable, extensible toolkit for scientific computation"
124,Location-based advertising,13532795,"ASA;advertising standards authority
LBA;location-based advertising","CD;compact disk
DVD;digital video disc","ASA;advertising standards authority
LBA;location-based advertising","e-mail;electronic mail
DVD/CD;digital video disc/compact disc
UK;united kingdom
PC;personal computer"
125,Plastic.com,698941,QL;quicklinks,"IRC;internet relay chat
CGI;common gateway interface","QL;quicklink
subQ;submissions queue",CGI:IRC;common gateway interface:internet relay chat
126,Meta-scheduling,6100856,,"MPSoC;multiprocessor system on a chip
TT;time-triggered
SBMeS;scenario-based meta-scheduling",,"TT;time triggered
e.g.;exempli gratia
SBMeS;scenario-based meta-scheduling
MPSoC;multiprocessor system on a chip"
127,Host model,2788522,,"NetBSD;net berkeley software distribution
DragonflyBSD;dragonfly berkeley software distribution
IP;internet protocol
IPv4;internet protocol version 4
pf;packet filter
OpenBSD;open berkeley software distribution
VPN;virtual private network
IPv6;internet protocol version 6
FreeBSD;free berkeley software distribution
BSD;berkeley software distribution
RFC;request for comments
TCP/IP;transmission control protocol/internet protocol",,"IP;internet protocol
IPv4;internet protocol version 4
VPN;virtual private network
IPv6;internet protocol version 6
BSD;berkeley software distribution
Microsoft;microcomputer software
RFC;request for comments
TCP/IP;transmission control protocol/internet protocol"
128,Data exchange,10231058,"HTML;hypertext markup language
SGML;standard generalized markup language","OWL;web ontology language
RDF;resource description framework
SQL;structured query language
URL;uniform resource locator
XML;extensible markup language
JSON;javascript object notation
YAML;yaml ain't markup language
XHTML;extensible hypertext markup language
ISO;international organization for standardization
REBOL;relative expression based object language","HTML;hypertext markup language
SGML;standard generalized markup language
XML;extensible markup language","OWL;web ontology language
RDF;resource description framework
YAML;yet another markup language
URLs;universal resource language
e.g.;exempli grazia
ISO 15926;is a standard for data integration, sharing, exchange, and hand-over between computer systems
JSON;javascript object notation
XHTML;extensible hypertext markup language
Wiki;what i know is
REBOL;relative expression based object language
SQL;sequential query language
ISO;international standards organization"
129,Wireless lock,32260893,,"IEC;international electrotechnical commission
CSS;cascading style sheets
mW;metawatt
V;version
ANT;adaptive network topology
RFID;radio-frequency identification
UWB;ultra-wideband
W3C;world wide web consortium
RSSI;received signal strength indication
XML;extensible markup language
LAN;local area network
PC;personal computer
IETF;internet engineering task force
ITU;international telecommunication union
ISO;international organization for standardization
SIM;subscriber identity module
PKI;public key infrastructure
WLAN;wireless local area network",,"W3C;world wide web confediration
i.e.;id est
ISO;international standards organisation
ANT;proprietary protocol and company ant™
1mW;1 milliwatt
e.g.;exempli grazia
XML;extensible markup language
LAN;local area network
RFID;radio frequency identifier
IETF;internet engineering task force
ITU;international telecommunication union
UWB;ultrawide band
PC;personal computer
IEC;international electrotechnical commission:
SIM;subscriber identity module
CSS;chirp spread spectrum
USB;unversal synchronous bus
PKI;public key infrastructure
WLAN;wide area network
RSSI;received signal strength indicator"
130,Rexer's Annual Data Miner Survey,31082848,PAW;predicative analytics world,,PAW;predictive analytics world,
131,Aventus Protocol,57346125,AVT;aventus token,FIFA;fédération internationale de football association,AVT;aventus token,FIFA;fédération internationale de football association
132,ISO 8000,20375252,"SC;sub-committee
MDM;master data management
AII;authoritative item identifier
TC;technical committee
ALEI;authoritative legal entity identifier
IT;information technology
ISO/TS;iso technical specifications","IEC;international electrotechnical commission
ISO;international organization for standardization
XML;extensible markup language","SC;sub-committee
MDM;master data management
AII;authoritative item identifier
TC;technical committee
ALEI;authoritative legal entity identifier
IT;information technology
ISO/TS;iso technical specifications","IEC;international electrotechnical commission
ISO;international organization for standardization
XML;extensible markup language"
133,Digital Postmarks,8194174,"EPM;electronic postmark
UPU;universal postal union
US;united states
EPCM;electronic postal certification mark
USPS;united states postal service
DPM;digital postmark
U.S.;united states","Microsoft;microcomputer software
ePostmarks;electronic postmarks","EPM;electronic postmark
US;united states
UPU;universal postal union
EPCM;electronic postal certification mark
USPS;united states postal service
DPM;digital postmark
U.S.;united states","Microsoft;microcomputer software
ePostmarks;electronic postmarks"
134,Frame check sequence,1434110,"FCS;frame check sequence
TCP;transmission control protocol
PPP;point-to-point protocol
CRC;cyclic redundancy check","HDLC;high-level data link control
IEEE;institute of electrical and electronics engineers","FCS;frame check sequence
TCP;transmission control protocol
PPP;point-to-point protocol
CRC;cyclic redundancy check","HDLC;high-level data link control
IEEE;institute of electrical and electronics engineers"
135,CharlieCard,2058453,"AFC;automated fare collection
MBTA;massachusetts bay transportation authority
CSA;customer service agent
FVM;fare vending machine
Senior/TAP;senior/transportation access pass","RFID;radio-frequency identification
MTA;metropolitan transit authority
MIT;massachusetts institute of technology
M.T.A.;metropolitan transit authority
DEFCON;defense readiness condition
MIFARE;mikron fare
Ph.D.;philosophiae doctor
U.S.;united states
NXP;next experience","MBTA;massachusetts bay transportation authority
AFC;automated fare collection
RFID;radio-frequency identification
MTA;metropolitan transit authority
FVMs;fare vending machines
CSAs;customer service agents
Senior/TAP;senior/transportation access pass
M.T.A.;metropolitan transit authority","MIT;massachusetts institute of technology
MIFARE;mikron fare
Ph.D.;philosophiae doctor
U.S.;united states
NXP;next experience"
136,Maximum coverage problem,24221954,NP-hard;nondeterministic polynomial-hard,i.e.;id est,,"i.e.;id est
NP;nondeterministic polynomial time"
137,ISO 20022,1283281,FIX;financial information exchange,"ISITC;the international securities association for institutional trade communication
XML;extensible markup language
ISO;international organization for standardization
ISDA;international swaps and derivatives association
UML;unified modeling language
SWIFT;society for worldwide interbank financial telecommunication
FpML;financial products markup language",FIX;financial information exchange,"ISITC;international securities association for institutional trade communication
2nd;second
XML;extensible markup language
ISDA;international swaps and derivatives association
UML;unified modeling language
SWIFT;society for worldwide interbank financial telecommunication
FpML;financial products markup language
ISO;international organization for standartization"
138,Google AdSense,736238,"CPM;cost per thousand impressions
splogs;spam blogs
CPC;cost per click
MFA;made for adsense","e-mail;electronic mail
i.e.;id est
e.g.;exempli gratia
Q1;quarter 1
AdSense;advertisement sense
HTTP;hypertext transfer protocol
US;united states
Gmail;google mail
RSS;really simple syndication","CPM;cost per thousand impressions
splogs;spam blogs
CPC;cost per click
MFA;made for adsense","e-mail;electronic mail
i.e.;id est
e.g.;exempli gratia
Q1;quarter 1
AdSense;advertisement sense
HTTP;hypertext transfer protocol
US;united states
Gmail;google mail
RSS;really simple syndication"
139,Arc diagram,38996336,,"NP-hard;nondeterministic polynomial-hard
NP-complete;nondeterministic polynomial-complete
MAX2SAT;maximum-2-satisfiability problem
st-planar;source target-planar",,"NP-hard;nondeterministic polynomial-hard
NP-complete;nondeterministic polynomial-complete
MAX2SAT;maximum-2-satisfiability
st-planar;source target-planar"
140,VAX 8000,19885929,"FPA;floating point accelerator
MCAs;macrocell arrays
MOS;metal oxide semiconductor
DMA;direct memory access
TTL;transistor-transistor logic
SBI;synchronous backplane interconnect
TOY;time-of-year
DRAM;dynamic random access memory
MSI;medium scale integration
RTI;real-time interface
ISA;instruction set architecture
ICs;integrated circuits
ALU;arithmetic logic unit
EMM;environmental monitoring module
ECL;emitter coupled logic
SSI;small scale integration
CPU;central processing unit
PPI;peripheral interface
DEC;digital equipment corporation","NMI;non-maskable interrupt
Unibus;unified bus
VAXBI;vax bus interconnect
MB;megabyte
NBIB;northbound interface b
VAX-11/785;virtual address extension-11/785
VAX-11/78x;virtual address extension-11/78x
VAX-11/780;virtual address extension-11/780
MOSAIC;motorola oxide isolated self-aligned implanted circuits
VAX-11/795;virtual address extension-11/795
FAST;fairchild advanced schottky ttl
VAX-11/790;virtual address extension-11/790
SMP;symmetric multiprocessing
NBI;northbound interface
MIPS;microprocessor without interlocked pipelined stages
nops;no operations
KB;kilobyte
IEEE-488;institute of electrical and electronics engineers-488
MB/s;megabyte per second
KBit;kilobit
MHz;megahertz
RAMs;random-access memories
ns;nanosecond
PRO-380;professional 380
SPARC;scalable processor architecture
ECC;error correction code memory
VAX;virtual address extension
I/O;input/output
µm;micrometre
PDP-11;programmed data processor-11
NBIA;northbound interface a","FPA;floating point accelerator
MCAs;macrocell arrays
MOS;metal oxide semiconductor
ECL;emitter-coupled logic
TTL;transistor-transistor logic
SBI;synchronous backplane interconnect
MSI;medium-scale integration
DRAM;dynamic random access memory
DMA;direct memory access
TOY clock;time-of-year clock
MSI;medium scale integration
RTI;real-time interface
ISA;instruction set architecture
ALU;arithmetic logic unit
EMM;environmental monitoring module
ECL;emitter coupled logic
SSI;small scale integration
CPU;central processing unit
PPI;peripheral interface
DEC;digital equipment corporation","MB/s;megabyte per second
SMP;symmetric multiprocessing
NMI;non-maskable interrupt
NBI;northbound interface
MHz;megahertz
MB;megabyte
ns;nanoseconds
SBIs;synchronous backplane interconnects
PPD-11;programmed data processor-11
MIPS;microprocessor without interlocked pipelined stages
ICs;internet connection sharing
ECC;error correction code
CPUs;central processing units
SPARC;scalable processor architecture
IEEE;institute of electrical and electronics engineers
V-11;version
I/O;input/output
KB;kilobyte
µm;micrometre"
141,MSML,14481885,"MediaCTRL;media control
MSML;media server markup language","IP;internet protocol
RadiSys;radix microsystems
VoiceXML;voice extensible markup language
XML;extensible markup language
IETF;internet engineering task force
IVR;interactive voice response
RTP;real-time transport protocol
SIP;session initiation protocol
MSCML;media server control markup language
RFC;request for comments
Intel;integrated electronics
NMS;nerviano medical sciences",MSML;media server markup language,"XML;extensible markup language.
IP;internet protocol
IETF;internet engineering task force
RTP;real-time transport protocol
SIP;session initiation protocol
MSCML;media server control markup language
RFC;request for comments"
142,Nostalgia 1907,22673170,,"FM;fujitsu micro
PC-8801;personal computer-8801
CD;compact disk",,"FM;fujitsu micro[computer]
PC-8801;personal computer-8801
Capcom;capsule communicator
CD;compact disc"
143,Parks–McClellan filter design algorithm,4882496,"IIR;infinite impulse response
FIR;finite impulse response","ASSP;application-specific standard product
DSP;digital signal processing
TMS;texas memory systems
MIT;massachusetts institute of technology
IEEE;institute of electrical and electronics engineers
Dr.;doctor
MATLAB;matrix laboratory
DFT/FFT;discrete fourier transform/fast fourier transform","IIR;infinite impulse response
FIR;finite impulse response","ASSP;application-specific standard product
DSP;digital signal processing
MIT;massachusetts institute of technology
TMS;texas instruments
IEEE;institute of electrical and electronics engineers
Dr.;doctor
FFT;fast fourier transform
MATLAB;matrix laboratory
S.;st. claire
DFT;discrete fourier transform"
144,Seed7,36346048,"HTTPS;hypertext transfer protocol secure
HTTP;hypertext transfer protocol
ODBC;open database connectivity
FTP;file transfer protocol
SMTP;simple mail transfer protocol
OO;object-oriented
CGI;common gateway interface
S7SSD;seed7 structured syntax description
TLS;transport layer security","etc;et cetera
SQL;structured query language
MySQL;my structured query language
PostgreSQL;postgre structured query language
XML;extensible markup language
MariaDB;maria database
API;application programming interface
SQLite;structured query lite
AES;advanced encryption standard","TLS/SSL;transport layer security
HTTP;hypertext transfer protocol
ODBC;open database connectivity
HTTPS;http secure
SMTP;simple mail transfer protocol
FTP;file transfer protocol
S7SSD;structured syntax description
CGI;common gateway interface",AES;advanced encryption standard
145,Grab (software),3385603,TIFF;tagged image file format,"PDF;portable document format
macOS;mac operating system
DRM;digital rights management
PNG;portable graphics format",TIFF;tagged image file format,"PDF;portable document format
PNG;portable network graphics
DRM;digital rights management"
146,ReDigi,34644641,"CTR;cost to read
U.S.;united states of america","i.e.;id est
vs.;versus
CD;compact disc
MIT;massachusetts institute of technology
Inc.;incorporated
EMI;electric and musical industries
AAC;advanced audio coding
RIAA;recording industry association of america
J.;joseph
v.;versus",CTR;cost to read,"RIIA;recording industry association of america
EMI;electric and musical industries
AAC;advanced audio coding
CD;compact disc"
147,Linutop,8920077,,"in;inch
Tv;television
MB;megabyte
oz;once
MHz;megahertz
USB;universal serial bus
OS;operating system
XS;extra small
HD;high definition
PC;personal computer
HDMI;high-definition multimedia interface
XFCE;xforms common environment
NOOBS;new out of box software
cm;centimetre
RAM;random access memory
LTSP;linux terminal server project
GB;gigabyte","PC;personal computer
OS;operating system","HD;high-definition
HDMI;high-definition multimedia interface
RAM;random-access memory
USB;universal serial bus"
148,EMML (Motorola),28270727,"EMML;enterprise mobility mark-up language
EMMP;emml profiles","CSS;cascading style sheets
W3C;world wide web consortium
URL;uniform resource locator
HTML;hypertext markup language
WLAN;wireless local area network",EMML;enterprise mobility mark-up language,"CSS;cascading style sheets
W3C;world wide web consortium
URL;uniform resource locator
EMMP;environmental monitoring and management plan
HTML;hyper text markup language
META;metadata
WLAN;wireless local area network"
149,Jürgen Moser,1752316,,"IMPA;instituto nacional de matemática pura e aplicada
MIT;massachusetts institute of technology
Ph.D;philosophiae doctor
ETH;eidgenössische technische hochschule",,"MIT;massachusetts institute of technology
PhD;doctor of philosophy
IMPA;instituto de matemática pura e aplicada
ETH;eidgenössische technische hochschule"
150,Satellite navigation device,17800413,"W;watt
GPS;global positioning system
DGPS;differential gps
A-GPS;assisted gps
TTFF;time to first fix
GNSS;global navigation satellite systems
SA;selective availability
MMCS;mitsubishi multi communication system
GLONASS;global navigation satellite system","Inc.;incorporation
GSM;global system for mobile communications 2g
dB;decibel
SD;secure digital card
USB;universal serial bus
USA;united states of america
PC;personal computer
WCDMA;wideband code division multiplexing access
dBW;decibel watt
PCMCIA;personal computer memory card international association
PDA;personal digital assistant
U.S.;united states
cm;centimeter
dBm;decibel-milliwatts","GPS;global positioning system
A-GPS;assisted gps
TTFF;time to first fix
GNSS;global navigation satellite systems
DGPS;differential global positioning system
MMCS;mitsubishi multi communication system
SA;selective availability
GLONASS;russian global navigation satellite system","WCDMA;wideband code division multiple access
PDA;personal digital assistants
Inc.;incorporated
dB;decibel
ms;millisecond
km;kilometer
USB;universal serial bus
US;united states
WiFi;wireless fidelity
dBW;decibel watt
SD;secure digital
U.S.;united states
PCMCIA;personal computer memory card international association
GSM;global system for mobile"
151,Decision Linear assumption,12765269,DLIN;decision linear,"i.e.;id est
IND-CPA;indistinguishability under chosen plaintext attack",DLIN;decision linear,i.e.;id est
152,Riak,29786161,NHS;uk national health services,"LevelDB;level database
CS;cloud storage
AT&T;american telephone and telegraph company
NoSQL;non-structured query language
CAP;consistency availability partition tolerance",,"CS;cloud storage
CAP;consistency availability partition tolerance
NoSQL;no structured query language"
153,Moodle,383472,"LMS;learning management system
Moodle;modular object-oriented dynamic learning environment","PHP;hypertext preprocessor
php;hypertext preprocessor
WebCT;web course tools
OS X;macintosh operating system x
Ph.D.;doctor of philosophy
HTTP;hypertext transfer protocol
webhost;web hosting
demo;demonstration
Moodlerooms Inc.;moodlerooms incorporated
HQ;headquarters
PostgreSQL;postgres structured query language
GNU;gnu's not unix
Demo;demonstration
iOS;iphone operating system
FreeBSD;free berkeley software distribution
UK;united kingdom
LMSs;learning management systems
U.S.;united states","LMS;learning management system
Moodle;modular object-oriented dynamic learning environment","Ph.D.;doctor of philosophy
HTTP;hypertext transfer protocol
GNU;gnu's not unix
UK;united kingdom
U.S.;united states
PHP;php: hypertext preprocessor"
154,Heather Marsh,37167897,,"G8;group of 8
FBI;federal bureau of investigation
POW;prisoner of war
Web;world wide web
70+;more than 70
a.k.a.;also known as
US;united states
WL;wikileaks
CIA;central intelligence agency
CNN;cable news network
NGO;non-governmental organization
DIA;defense intelligence agency",WL;wikileaks,"NGOs;non-governmental organizations
opCanary;operation canary
opGabon;operation gabon
FBI;federal bureau of investigation
POW;prioner of war
US;united states
OpDeathEaters;operation death eaters
CIA;central intelligence agency
CNN;cable news network
G8;group  of eight
DIA;defense intelligence agency"
155,Index of computing articles,99965,"PDF;portable document format
ERP;enterprise resource planning
ROM;read only memory
EDP;electronic data processing
PCM;pulse code modulation
EJB;enterprise java beans
2B+D;basic rate interface
EVD;enhanced versatile disc
RAM;random access memory
DEC;digital equipment corporation","32;32-bit
IBM;international business machines corporation
RISC;reduced instruction set computer
TR;technische richtlinie
4NF;fourth normal form
3NF;third normal form
MUMPS;massachusetts general hospital utility multi-programming system
VG;voice grade
8.3 filename;short filename
AIM;apple, ibm, and motorola
BC;before christ
TPU;text processing utility
K&R;the c programming language book
LALR;look-ahead left-to-right
4GL;fourth-generation programming language
GATE;general algebraic translator extended
PSPACE;polynomial space
TECO;text editor & corrector
CPL;combined programming language
2B1D;basic rate interface
82430MX;xscale
1TBS;the one true brace style
AOL;america online
SMIL;siffermaskinen i lund
CORAL;computer on-line real-time applications language
PA;precision architecture
SQL;structured query language
UART;universal asynchronous receiver/transmitter
6x86;cyrix 6x86
PC;personal computer
SPARC;scalable processor architecture
LL;left-to-right
BSD;berkeley software distribution
PL/I;programming language one
EBCDIC;extended binary coded decimal interchange code
PDP;programmed data processor
G4;powerpc g4
ENIAC;electronic numerical integrator and computer
sed;stream editor
Nial;nested interactive array language
T;twisted pair
GEM;graphics environment manager
WYSIWYG;what you see is what you get
473L system;ibm 473l command and control system
82430FX;triton i
API;application programming interfaces
ASP;active server pages
64;64-bit
UAT;user acceptance testing
YACC;yet another compiler-compiler
SIMD;single instruction, multiple data
5NF;fifth normal form
2B1Q;two-binary, one-quaternary
9PAC;709 package
PILOT;programmed inquiry, learning, or teaching
Multics;multiplexed information and computing service
SPITBOL;speedy implementation of snobol
JPEG;joint photographic experts group
COMAL;common algorithmic language
INTERCAL;compiler language with no pronounceable acronym
RFC;request for comments
ML;meta language
SONET;synchronous optical networking
100;100 megabits per second
hn;home networking
COBOL;common business-oriented language
BCPL;basic combined programming language
SNOBOL;string oriented and symbolic language
MMC;multimediacard
SLR;simple left-to-right
2NF;second normal form
SMBus;system management bus
CYK;cocke–younger–kasami
CD-ROM;compact disc read-only memory
SR;synchronizing resources
SCSI;small computer system interface
MAD;michigan algorithm decoder
AIX;advanced interactive executive
MS-DOS;microsoft disk operating system
SLIP;serial line internet protocol
82430HX;triton ii
ES EVM;единая система электронных вычислительных машин
USB;universal serial bus
G5;powerpc 970
Mac;macintosh
KDE;k(ool) desktop environment
3D;three dimensional
TADS;text adventure development system
Rexx;restructured extended executor
a.k.a.;also known as
3GL;third-generation programming language
BASE;baseband signaling
SAIL;stanford artificial intelligence language
IA;intel architecture
S/SL;syntax/semantic language
CP/M;control program for microcomputers
ME;millennium edition
88open;88open consortium ltd.
10;10 megabits per second
MOO;mud, object-oriented
680x0;motorola 68000 series
F;fiber
LR;left-to-right
BASIC;beginners' all-purpose symbolic instruction code
IEEE;institute of electrical and electronics engineers
DVD;digital video disc
YaST;yet another setup tool
DIBOL;digital's business oriented language
TRAC;text reckoning and compiling
MMU;memory management unit
MPEG;moving picture experts group
3Com;computer communication compatibility
SSL;secure sockets layer
2D;two-dimensional
kbit/s;kilobits per second
MOS;metal oxide semiconductor
ESS;electronic switching system
ALGOL;algorithmic language
OS;operating system
1NF;first normal form
HD DVD;high definition digital versatile disc
VB;visual basic
ASCII;american standard code for information interchange
DVI;device independent file format","RAM;random-access memory
ROM;read-only memory
AOL;america online","SYSKEY;security account manager lock tool
IBM;international business machines corporation
RISC;reduced instruction set computer
SNOBOL;string oriented and symbolic language
4NF;fourth normal form
3NF;third normal form
SETL;set language
AIM;apple, ibm, motorola
sed;stream editor
4.2BSD;4.2 berkeley software distribution
2NF;second normal form
SMBus;system management bus
Tcl;tool command language
APL;a programming language
Ratfor;rational fortran
WYSIWYG;what you see is what you get
RS/6000;ibm reduced instruction set computer system/6000
YaST;yet another setup tool
SCSI;small computer system interface
Symlink;symbolic link
UAT;user acceptance testing
SIMD;single instruction, multiple data
386SPART.PAR;386 swap part file
5NF;fifth normal form
AIX;advanced interactive executive
TPU;text processing unit
2B1Q;two-binary, one-quaternary
SLIP;serial line internet protocol
4GL;fourth-generation programming language
TECO;text editor & corrector
USB;universal serial bus
RPG;report program generator
SPITBOL;speedy implementation of snobol
AWK;aho, weinberger, kernighan domain specific language
Unicode;universal character encoding standard
SR;synchronizing resources programming language
TADS;text adventure development system
Windows Me;windows millenium edition
SLR;simple left-to-right parser
Rexx;restructured extended executor
1TBS;the one true brace style
3GL;third-generation programming language
Yacc;yet another compiler-compiler
SSL;secure sockets layer
AutoLISP;autocad list processor
kbit/s;kilobits per second
RFC;request for comments
SMIL;siffermaskinen i lund computer
TeX;tau, epsilon, and chi
Unicon;unified extended dialect of icon
S/SL;syntax/semantic language
386BSD;386 berkeley software distribution
SONET;synchronous optical networking
TRAC;text reckoning and compiling programming language
UNIX;uniplexed information and computing service
SQL;structured query language
VBScript;microsoft visual basic scripting edition
5ESS;class 5 telephone electronic switching system
UART;universal asynchronous receiver/transmitter
ALGOL;algorithmic language
1NF;first normal form
ASP.NET;active server pages
VAX;virtual address extension
ASCII;american standard code for information interchange
RCA;radio corporation of america
1.TR.6;1.technische richtlinie.6"
156,Transceiver,41805,"SWL;shortwave listening
MAUs;medium attachment units
CB radio;citizens band radio","QSFP;quad small form-factor pluggable
SFP;small form-factor pluggable
IEEE;institute of electrical and electronics engineers
GBIC;gigabit interface converter
CFP;c form-factor pluggable
SFP+;enchanced small form-factor pluggable","SWL;shortwave listening
MAUs;medium attachment units
CB radio;citizens band radio","QSFP;quad small form-factor pluggable
SFP;small form-factor pluggable
IEEE;institute of electrical and electronics engineers
GBIC;gigabit interface converter
CFP;c form-factor pluggable
SFP+;enchanced small form-factor pluggable"
157,JPEG XT,56741458,"APP11;application marker 11
IDR;intermediate dynamic range
JFIF;jpeg file interchange format
DCT;discrete cosine transform
JPEG;joint photographic experts group","JPEG-LS;joint photographic experts group-lossless
RGBE;radiance hdr
JPEG/JFIF;joint photographic experts group/joint photography experts group file interchange format
JPEG-HDR;joint photographic experts group-high dynamic range
PNG;portable network graphics
EOTF;electro-optical transfer function
ITU;international telecommunication union
JPEG2000;joint photographic experts group 2000
ISO/IEC;international organization for standardization/international electrotechnical commission
HDR;high dynamic range
KB;kilobyte
ISO;international organization","APP11;application marker 11
DCT;intermediate dynamic range
IDR;intermediate dynamic range
JFIF;jpeg file interchange format
JPEG;joint photography experts group","JPEG/JFIF;joint photographic experts group/joint photography experts group file interchange format
RGBE;red, green, blue, exponent
JPEG-HDR;joint photographic experts group-high dynamic range
PNG;portable network graphics
EOTF;electro-optical transfer function
ITU;international telecommunication union
JPEG2000;joint photographic experts group 2000
ISO/IEC;international organization for standardization/international electrotechnical commission
ISO;international organization for standardization
HDR;high dynamic range
KB;kilobyte
JPEG-LS;joint photography experts group-lossless"
158,Klipfolio dashboard,13161836,"KPI;key performance indicators
CXO;chief experience officer","CSS;cascading style sheets
Inc.;incorporated
TV;television
CEO;chief executive officer,
HTTP;hypertext transfer protocol
XML;extensible markup language
CTO;chief technology officer
RSS;really simple syndication","KPI;key performance indicators
CXO;chief experience officer","CEO;chief executive officer
CTO;chief technical officer
CSS-based;cascading style sheets-based
email;electronic mail
TV;television
HTTP;hypertext transfer protocol
RSS;rdf site summary
XML;extensible markup language
KB;kilobyte"
159,OASIS TOSCA,42257995,"TOSCA;topology and orchestration specification for cloud applications
Alien4Cloud;application lifecycle enabler for cloud","AWS;amazon web services
OASIS;organization for the advancement of structured information standard
H2020;horizon 2020
JSON;javascript object notation
YAML;yaml ain't markup language
EU;european union
DICE;data infrastructure capacity for eosc
FP7;seventh framework programme","TOSCA;topology and orchestration specification for cloud applications
Alien4Cloud;application lifecycle enabler for cloud","i.e.;id est
FP7;framework programme 7
AWS;amazon web services
DevOps;development operations
H2020;horizon 2020
JSON;javascript object notation
YAML;yaml ain't markup language
DICE;developing innovation and creativity in education
EU;european union
OASIS;organization for the advancement of structured information standards
etc.;et cetera"
160,Juniper Networks,675426,"SDN;software-defined networking
WAN;wide area network
IOP;integrated operating plan
ISPs;internet service providers
PARC;palo alto research center","CEO;chief executive officer
ScreenOS;screen operating system
IP;internet protocol
NASDAQ;national association of securities dealers automated quotations
IBM;international business machines
SSL/VPN;secure sockets layer/virtual private network
VOIP;voice over ip
R&D;research and development
MCI;microwave communications, inc.
LAN;local area network
US;united states
AT&T;american telephone and telegraph company
Microsoft;microcomputer software
IT;information technology
WLAN;wireless local area network","SDN;software-defined networking
WAN;wide area network
IOP;integrated operating plan
ISPs;internet service providers
PARC;palo alto research center","CEO;chief executive officer
ScreenOS;screen operating system
IP;internet protocol
NASDAQ;national association of securities dealers automated quotations
SSL/VPN;secure sockets layer/virtual private network
IBM;international business machines
VOIP;voice over ip
R&D;research and development
MCI;microwave communications, inc.
LAN;local area network
US;united states
AT&T;american telephone and telegraph company
Microsoft;microcomputer software
IT;information technology
WLAN;wireless local area network"
161,Migme,30668772,"MIG;migme limited
ASX;australian securities exchange","e-Commerce;electronic commerce
J2ME-based;java 2 platform, micro edition-based
WAP;wireless application protocol
FIH;foxconn interantional holdings
WKN;wertpapierkennnummer","MIG;migme limited
ASX;australian securities exchange","e-Commerce;electronic commerce
J2ME-based;java 2 platform, micro edition-based
WAP;wireless application protocol
FIH;foxconn interantional holdings
WKN;wertpapierkennnummer"
162,The Open Group,57819,"CA;certified architect
NASPL;north american state lotteries association
CITS;certified it specialist
OSF;open software foundation","NASA;national aeronautics and space administration
IBM;international business machines
TOGAF;the open group architecture framework
Unix;uniplexed information and computing service
POSIX;portable operating system interface
COSE;common open software environment
FAIR;factor analysis of information risk
HPE;hewlett packard enterprise
IT;information technology
U.S.;united states","CA;certified architect
NASPL;north american state lotteries association
CITS;certified it specialist
OSF;open software foundation","NASA;national aeronautics and space administration
IBM;international business machines
TOGAF;the open group architecture framework
Unix;uniplexed information and computing service
POSIX;portable operating system interface
FAIR;factor analysis of information risk
COSE;common open software environment
HPE;hewlett packard enterprise
IT;information technology
U.S.;united states"
163,Dynamic frequency selection,7412738,DFS;dynamic frequency selection,"FCC;federal communications commission
MHz;megahertz
Wi-Fi;wireless-fidelity
LAN;local area network
U-NII;unlicensed national information infrastructure
GHz;gigahertz",DFS;dynamic frequency selection,"FCC;federal communications commission
MHz;megahertz
IEEE;institute of electrical and electronics engineers
LAN;local area network
U-NII;unlicensed national information infrastructure
GHz;gigahertz
Wi-Fi;wireless fidelity"
